{
    "key": "group_5c7ffde483070",
    "title": "Knowledge Base Options Help",
    "fields": [
        {
            "key": "field_5c7da18ae0126",
            "label": "&nbsp;",
            "name": "&nbsp;",
            "type": "info",
            "instructions": "",
            "required": 0,
            "conditional_logic": 0,
            "wrapper": {
                "width": "",
                "class": "",
                "id": ""
            }
        }
    ],
    "location": [
        [
            {
                "param": "options_page",
                "operator": "==",
                "value": "pakb-options-help"
            }
        ]
    ],
    "menu_order": 0,
    "position": "normal",
    "style": "seamless",
    "label_placement": "left",
    "instruction_placement": "field",
    "hide_on_screen": "",
    "active": 1,
    "description": "",
    "modified": 1551894174
}