{
    "key": "group_5c8a78100bfdc",
    "title": "Knowledge Base Options Sidebar",
    "fields": [
        {
            "key": "field_5c8a78d199e0b",
            "label": "Toggle Text",
            "name": "pakb_sidebar_toggle_title",
            "type": "text",
            "instructions": "",
            "required": 0,
            "conditional_logic": 0,
            "wrapper": {
                "width": "",
                "class": "",
                "id": ""
            },
            "default_value": "Help",
            "placeholder": "",
            "prepend": "",
            "append": "",
            "maxlength": ""
        },
        {
            "key": "field_5c8a783f5d0f2",
            "label": "Toggle Icon",
            "name": "pakb_sidebar_toggle_icon",
            "type": "icon-picker",
            "instructions": "",
            "required": 0,
            "conditional_logic": 0,
            "wrapper": {
                "width": "",
                "class": "",
                "id": ""
            },
            "initial_value": ""
        },
        {
            "key": "field_5c8a790c99e0c",
            "label": "Display",
            "name": "pakb_sidebar_display",
            "type": "radio",
            "instructions": "Where to display the sidebar.",
            "required": 0,
            "conditional_logic": 0,
            "wrapper": {
                "width": "",
                "class": "",
                "id": ""
            },
            "choices": {
                "site": "Whole Site",
                "pages": "Selected Pages"
            },
            "allow_null": 0,
            "other_choice": 0,
            "default_value": "site",
            "layout": "vertical",
            "return_format": "value",
            "save_other_choice": 0
        },
        {
            "key": "field_5c8a7eeb7daef",
            "label": "Pages",
            "name": "pakb_sidebar_pages",
            "type": "post_object",
            "instructions": "",
            "required": 0,
            "conditional_logic": [
                [
                    {
                        "field": "field_5c8a790c99e0c",
                        "operator": "==",
                        "value": "pages"
                    }
                ]
            ],
            "wrapper": {
                "width": "",
                "class": "",
                "id": ""
            },
            "post_type": [
                "page"
            ],
            "taxonomy": "",
            "allow_null": 0,
            "multiple": 1,
            "return_format": "id",
            "ui": 1
        },
        {
            "key": "field_5c8a7f447daf0",
            "label": "Post Types",
            "name": "pakb_sidebar_post_types",
            "type": "post_type_selector",
            "instructions": "",
            "required": 0,
            "conditional_logic": [
                [
                    {
                        "field": "field_5c8a790c99e0c",
                        "operator": "==",
                        "value": "pages"
                    }
                ]
            ],
            "wrapper": {
                "width": "",
                "class": "",
                "id": ""
            },
            "select_type": 2
        },
        {
            "key": "field_5c8aa1a231d71",
            "label": "Sidebar Title",
            "name": "pakb_sidebar_title",
            "type": "text",
            "instructions": "",
            "required": 0,
            "conditional_logic": 0,
            "wrapper": {
                "width": "",
                "class": "",
                "id": ""
            },
            "default_value": "Help Center",
            "placeholder": "",
            "prepend": "",
            "append": "",
            "maxlength": ""
        },
        {
            "key": "field_5c8aa1ca31d72",
            "label": "Search",
            "name": "pakb_sidebar_search",
            "type": "true_false",
            "instructions": "",
            "required": 0,
            "conditional_logic": 0,
            "wrapper": {
                "width": "",
                "class": "",
                "id": ""
            },
            "message": "",
            "default_value": 1,
            "ui": 0,
            "ui_on_text": "",
            "ui_off_text": ""
        },
        {
            "key": "field_5c8be51053c73",
            "label": "Post Per Category",
            "name": "pakb_sidebar_number",
            "type": "number",
            "instructions": "",
            "required": 0,
            "conditional_logic": 0,
            "wrapper": {
                "width": "",
                "class": "",
                "id": ""
            },
            "default_value": 3,
            "placeholder": "",
            "prepend": "",
            "append": "",
            "min": "",
            "max": "",
            "step": ""
        },
        {
            "key": "field_5c8aa21431d73",
            "label": "Article Link",
            "name": "pakb_sidebar_link",
            "type": "true_false",
            "instructions": "Display a link to the article page.",
            "required": 0,
            "conditional_logic": 0,
            "wrapper": {
                "width": "",
                "class": "",
                "id": ""
            },
            "message": "",
            "default_value": 1,
            "ui": 0,
            "ui_on_text": "",
            "ui_off_text": ""
        },
        {
            "key": "field_5c8bf16883d1a",
            "label": "Contact Button",
            "name": "pakb_sidebar_contact",
            "type": "group",
            "instructions": "",
            "required": 0,
            "conditional_logic": 0,
            "wrapper": {
                "width": "",
                "class": "",
                "id": ""
            },
            "layout": "block",
            "sub_fields": [
                {
                    "key": "field_5c8bf19983d1b",
                    "label": "Title",
                    "name": "title",
                    "type": "text",
                    "instructions": "",
                    "required": 0,
                    "conditional_logic": 0,
                    "wrapper": {
                        "width": "",
                        "class": "",
                        "id": ""
                    },
                    "default_value": "Contact",
                    "placeholder": "",
                    "prepend": "",
                    "append": "",
                    "maxlength": ""
                },
                {
                    "key": "field_5c8bf1a983d1c",
                    "label": "Icon",
                    "name": "icon",
                    "type": "icon-picker",
                    "instructions": "",
                    "required": 0,
                    "conditional_logic": 0,
                    "wrapper": {
                        "width": "",
                        "class": "",
                        "id": ""
                    },
                    "initial_value": ""
                },
                {
                    "key": "field_5c8bf1cb83d1d",
                    "label": "Shortcode",
                    "name": "shortcode",
                    "type": "textarea",
                    "instructions": "Enter <a href=\"https:\/\/wordpress.org\/plugins\/contact-form-7\/\">Contact Form 7<\/a> shortcode e.g. [contact-form-7 id=\"34\"].",
                    "required": 0,
                    "conditional_logic": 0,
                    "wrapper": {
                        "width": "",
                        "class": "",
                        "id": ""
                    },
                    "default_value": "",
                    "placeholder": "",
                    "maxlength": "",
                    "rows": "",
                    "new_lines": ""
                }
            ]
        },
        {
            "key": "field_5c8bf889862aa",
            "label": "Custom Buttons",
            "name": "pakb_sidebar_buttons",
            "type": "repeater",
            "instructions": "",
            "required": 0,
            "conditional_logic": 0,
            "wrapper": {
                "width": "",
                "class": "",
                "id": ""
            },
            "collapsed": "",
            "min": 0,
            "max": 0,
            "layout": "block",
            "button_label": "",
            "sub_fields": [
                {
                    "key": "field_5c8bf8bd862ab",
                    "label": "Title",
                    "name": "title",
                    "type": "text",
                    "instructions": "",
                    "required": 0,
                    "conditional_logic": 0,
                    "wrapper": {
                        "width": "",
                        "class": "",
                        "id": ""
                    },
                    "default_value": "",
                    "placeholder": "",
                    "prepend": "",
                    "append": "",
                    "maxlength": ""
                },
                {
                    "key": "field_5c8bf91c6e0c3",
                    "label": "Icon",
                    "name": "icon",
                    "type": "icon-picker",
                    "instructions": "",
                    "required": 0,
                    "conditional_logic": 0,
                    "wrapper": {
                        "width": "",
                        "class": "",
                        "id": ""
                    },
                    "initial_value": ""
                },
                {
                    "key": "field_5c8bf92b6e0c4",
                    "label": "URL",
                    "name": "url",
                    "type": "url",
                    "instructions": "",
                    "required": 0,
                    "conditional_logic": 0,
                    "wrapper": {
                        "width": "",
                        "class": "",
                        "id": ""
                    },
                    "default_value": "",
                    "placeholder": ""
                },
                {
                    "key": "field_5c8bf94b6e0c5",
                    "label": "Blank",
                    "name": "blank",
                    "type": "true_false",
                    "instructions": "",
                    "required": 0,
                    "conditional_logic": 0,
                    "wrapper": {
                        "width": "",
                        "class": "",
                        "id": ""
                    },
                    "message": "Open page in new window.",
                    "default_value": 0,
                    "ui": 0,
                    "ui_on_text": "",
                    "ui_off_text": ""
                }
            ]
        }
    ],
    "location": [
        [
            {
                "param": "options_page",
                "operator": "==",
                "value": "pakb-options-sidebar"
            }
        ]
    ],
    "menu_order": 0,
    "position": "normal",
    "style": "seamless",
    "label_placement": "left",
    "instruction_placement": "field",
    "hide_on_screen": "",
    "active": 1,
    "description": "",
    "modified": 1552690987
}