{
    "key": "group_5c7ffc4ac4e24",
    "title": "Knowledge Base Options General",
    "fields": [
        {
            "key": "field_5c38b1aa42a8b",
            "label": "Page Template",
            "name": "pakb_page_template",
            "type": "page_template",
            "instructions": "Applies to category and single pages",
            "required": 0,
            "conditional_logic": 0,
            "wrapper": {
                "width": "",
                "class": "",
                "id": ""
            },
            "post_type": "page",
            "template": [],
            "allow_null": 0,
            "return_format": "object",
            "multiple": "",
            "ajax": ""
        },
        {
            "key": "field_5c3907319691b",
            "label": "Article Slug",
            "name": "pakb_article_slug",
            "type": "text",
            "instructions": "Must be unique, not used by any page, post or category!",
            "required": 1,
            "conditional_logic": 0,
            "wrapper": {
                "width": "",
                "class": "",
                "id": ""
            },
            "default_value": "knowledgebase",
            "placeholder": "",
            "prepend": "",
            "append": "",
            "maxlength": ""
        },
        {
            "key": "field_5c390822fe5e3",
            "label": "Category Slug",
            "name": "pakb_category_slug",
            "type": "text",
            "instructions": "Must be unique, not used by any page, post or category!",
            "required": 1,
            "conditional_logic": 0,
            "wrapper": {
                "width": "",
                "class": "",
                "id": ""
            },
            "default_value": "kb",
            "placeholder": "",
            "prepend": "",
            "append": "",
            "maxlength": ""
        },
        {
            "key": "field_5c37d9e76a0b0",
            "label": "Breadcrumbs",
            "name": "pakb_breadcrumbs",
            "type": "true_false",
            "instructions": "",
            "required": 0,
            "conditional_logic": 0,
            "wrapper": {
                "width": "",
                "class": "",
                "id": ""
            },
            "message": "Enable breadcrumbs",
            "default_value": 1,
            "ui": 0,
            "ui_on_text": "",
            "ui_off_text": ""
        },
        {
            "key": "field_5c390a0b1bffd",
            "label": "Breadcrumbs Text",
            "name": "pakb_breadcrumbs_text",
            "type": "text",
            "instructions": "",
            "required": 0,
            "conditional_logic": [
                [
                    {
                        "field": "field_5c37d9e76a0b0",
                        "operator": "==",
                        "value": "1"
                    }
                ]
            ],
            "wrapper": {
                "width": "",
                "class": "",
                "id": ""
            },
            "default_value": "Knowledge Base",
            "placeholder": "",
            "prepend": "",
            "append": "",
            "maxlength": ""
        },
        {
            "key": "field_5c48c4c291b0f",
            "label": "Breadcrumbs Link",
            "name": "pakb_breadcrumbs_url",
            "type": "post_object",
            "instructions": "Defaults to site home page.",
            "required": 0,
            "conditional_logic": [
                [
                    {
                        "field": "field_5c37d9e76a0b0",
                        "operator": "==",
                        "value": "1"
                    }
                ]
            ],
            "wrapper": {
                "width": "",
                "class": "",
                "id": ""
            },
            "post_type": [
                "page"
            ],
            "taxonomy": "",
            "allow_null": 0,
            "multiple": 0,
            "return_format": "id",
            "ui": 1
        },
        {
            "key": "field_5c390b2aba0f2",
            "label": "Content Order",
            "name": "pakb_content_order",
            "type": "radio",
            "instructions": "",
            "required": 0,
            "conditional_logic": 0,
            "wrapper": {
                "width": "",
                "class": "",
                "id": ""
            },
            "choices": {
                "default": "Default",
                "draganddrop": "Drag and Drop",
                "alphabetical": "Alphabetical"
            },
            "allow_null": 0,
            "other_choice": 0,
            "default_value": "default",
            "layout": "vertical",
            "return_format": "value",
            "save_other_choice": 0
        },
        {
            "key": "field_5c40bb0c1f685",
            "label": "Block Editor",
            "name": "pakb_block_editor",
            "type": "true_false",
            "instructions": "",
            "required": 0,
            "conditional_logic": 0,
            "wrapper": {
                "width": "",
                "class": "",
                "id": ""
            },
            "message": "Enable Gutenberg block editor",
            "default_value": 0,
            "ui": 0,
            "ui_on_text": "",
            "ui_off_text": ""
        }
    ],
    "location": [
        [
            {
                "param": "options_page",
                "operator": "==",
                "value": "pakb-options-general"
            }
        ]
    ],
    "menu_order": 0,
    "position": "normal",
    "style": "seamless",
    "label_placement": "left",
    "instruction_placement": "field",
    "hide_on_screen": "",
    "active": 1,
    "description": "",
    "modified": 1552396550
}