{
    "key": "group_5c8025d8d8e00",
    "title": "Knowledge Base Options Voting",
    "fields": [
        {
            "key": "field_5c3f5a3cd96a7",
            "label": "Voting",
            "name": "pakb_vote",
            "type": "radio",
            "instructions": "",
            "required": 0,
            "conditional_logic": 0,
            "wrapper": {
                "width": "",
                "class": "",
                "id": ""
            },
            "choices": [
                "Disabled",
                "Public Voting",
                "Logged In Users Only"
            ],
            "allow_null": 0,
            "other_choice": 0,
            "default_value": 0,
            "layout": "vertical",
            "return_format": "value",
            "save_other_choice": 0
        },
        {
            "key": "field_5c3f6273d96a8",
            "label": "Title",
            "name": "pakb_vote_title",
            "type": "text",
            "instructions": "",
            "required": 0,
            "conditional_logic": [
                [
                    {
                        "field": "field_5c3f5a3cd96a7",
                        "operator": "!=",
                        "value": "0"
                    }
                ]
            ],
            "wrapper": {
                "width": "",
                "class": "",
                "id": ""
            },
            "default_value": "Did this article answer your question?",
            "placeholder": "",
            "prepend": "",
            "append": "",
            "maxlength": ""
        },
        {
            "key": "field_5c3f62fc1cb38",
            "label": "Thanks",
            "name": "pakb_vote_thanks",
            "type": "text",
            "instructions": "",
            "required": 0,
            "conditional_logic": [
                [
                    {
                        "field": "field_5c3f5a3cd96a7",
                        "operator": "!=",
                        "value": "0"
                    }
                ]
            ],
            "wrapper": {
                "width": "",
                "class": "",
                "id": ""
            },
            "default_value": "Thanks for your feedback!",
            "placeholder": "",
            "prepend": "",
            "append": "",
            "maxlength": ""
        },
        {
            "key": "field_5c3f63870e142",
            "label": "Vote Up Icon",
            "name": "pakb_vote_up_icon",
            "type": "icon-picker",
            "instructions": "",
            "required": 0,
            "conditional_logic": [
                [
                    {
                        "field": "field_5c3f5a3cd96a7",
                        "operator": "!=",
                        "value": "0"
                    }
                ]
            ],
            "wrapper": {
                "width": "",
                "class": "",
                "id": ""
            },
            "initial_value": ""
        },
        {
            "key": "field_5c3f63ca0e143",
            "label": "Vote Down Icon",
            "name": "pakb_vote_down_icon",
            "type": "icon-picker",
            "instructions": "",
            "required": 0,
            "conditional_logic": [
                [
                    {
                        "field": "field_5c3f5a3cd96a7",
                        "operator": "!=",
                        "value": "0"
                    }
                ]
            ],
            "wrapper": {
                "width": "",
                "class": "",
                "id": ""
            },
            "initial_value": ""
        },
        {
            "key": "field_5c3f63f20e144",
            "label": "Reset All Votes",
            "name": "",
            "type": "message",
            "instructions": "",
            "required": 0,
            "conditional_logic": [
                [
                    {
                        "field": "field_5c3f5a3cd96a7",
                        "operator": "!=",
                        "value": "0"
                    }
                ]
            ],
            "wrapper": {
                "width": "",
                "class": "",
                "id": ""
            },
            "message": "<a href=\"#\" id=\"pakb_vote_reset_all\">Reset All Votes<\/a>",
            "new_lines": "",
            "esc_html": 0
        }
    ],
    "location": [
        [
            {
                "param": "options_page",
                "operator": "==",
                "value": "pakb-options-voting"
            }
        ]
    ],
    "menu_order": 0,
    "position": "normal",
    "style": "seamless",
    "label_placement": "left",
    "instruction_placement": "field",
    "hide_on_screen": "",
    "active": 1,
    "description": "",
    "modified": 1552404543
}