{
    "key": "group_5c40c67f2f39e",
    "title": "Knowledge Base Widget Articles",
    "fields": [
        {
            "key": "field_5c40c6a5dd3f5",
            "label": "Title",
            "name": "articles_title",
            "type": "text",
            "instructions": "",
            "required": 0,
            "conditional_logic": 0,
            "wrapper": {
                "width": "",
                "class": "",
                "id": ""
            },
            "default_value": "Knowledge Base Articles",
            "placeholder": "",
            "prepend": "",
            "append": "",
            "maxlength": ""
        },
        {
            "key": "field_5c40cb5424429",
            "label": "Number of Articles",
            "name": "articles_posts_per_page",
            "type": "number",
            "instructions": "",
            "required": 0,
            "conditional_logic": 0,
            "wrapper": {
                "width": "",
                "class": "",
                "id": ""
            },
            "default_value": 10,
            "placeholder": "",
            "prepend": "",
            "append": "",
            "min": "",
            "max": "",
            "step": ""
        },
        {
            "key": "field_5c40cb94550a1",
            "label": "Order By",
            "name": "articles_orderby",
            "type": "radio",
            "instructions": "",
            "required": 0,
            "conditional_logic": 0,
            "wrapper": {
                "width": "",
                "class": "",
                "id": ""
            },
            "choices": {
                "date": "Date",
                "title": "Title",
                "menu_order": "Drag & Drop",
                "meta_value_num": "Likes"
            },
            "allow_null": 0,
            "other_choice": 0,
            "default_value": "date",
            "layout": "vertical",
            "return_format": "value",
            "save_other_choice": 0
        },
        {
            "key": "field_5c40cc148f04c",
            "label": "Order",
            "name": "articles_order",
            "type": "radio",
            "instructions": "",
            "required": 0,
            "conditional_logic": 0,
            "wrapper": {
                "width": "",
                "class": "",
                "id": ""
            },
            "choices": {
                "ASC": "Ascending",
                "DESC": "Descending"
            },
            "allow_null": 0,
            "other_choice": 0,
            "default_value": "DESC",
            "layout": "vertical",
            "return_format": "value",
            "save_other_choice": 0
        },
        {
            "key": "field_5c40ccc31d09f",
            "label": "Filter",
            "name": "articles_filter",
            "type": "radio",
            "instructions": "",
            "required": 0,
            "conditional_logic": 0,
            "wrapper": {
                "width": "",
                "class": "",
                "id": ""
            },
            "choices": {
                "none": "None",
                "category": "Filter by Category",
                "tag": "Filter by Tag"
            },
            "allow_null": 0,
            "other_choice": 0,
            "default_value": "none",
            "layout": "vertical",
            "return_format": "value",
            "save_other_choice": 0
        },
        {
            "key": "field_5c40cd7a1d0a0",
            "label": "Category or Tag ID",
            "name": "articles_id",
            "type": "text",
            "instructions": "",
            "required": 0,
            "conditional_logic": [
                [
                    {
                        "field": "field_5c40ccc31d09f",
                        "operator": "!=",
                        "value": "none"
                    }
                ]
            ],
            "wrapper": {
                "width": "",
                "class": "",
                "id": ""
            },
            "default_value": "",
            "placeholder": "",
            "prepend": "",
            "append": "",
            "maxlength": ""
        }
    ],
    "location": [
        [
            {
                "param": "widget",
                "operator": "==",
                "value": "knowledge_base_articles"
            }
        ]
    ],
    "menu_order": 0,
    "position": "normal",
    "style": "default",
    "label_placement": "top",
    "instruction_placement": "label",
    "hide_on_screen": "",
    "active": 1,
    "description": "",
    "modified": 1552325979
}