{
    "key": "group_5c34d16c327e8",
    "title": "Knowledge Base Category",
    "fields": [
        {
            "key": "field_5c34df974624c",
            "label": "Icon",
            "name": "icon",
            "type": "icon-picker",
            "instructions": "",
            "required": 0,
            "conditional_logic": 0,
            "wrapper": {
                "width": "",
                "class": "",
                "id": ""
            },
            "initial_value": ""
        }
    ],
    "location": [
        [
            {
                "param": "taxonomy",
                "operator": "==",
                "value": "knowledgebase_category"
            }
        ]
    ],
    "menu_order": 0,
    "position": "normal",
    "style": "default",
    "label_placement": "top",
    "instruction_placement": "label",
    "hide_on_screen": "",
    "active": 1,
    "description": "",
    "modified": 1547745868
}